#
# Copyright (C) 2000 - 2024 Silverpeas
#
# This program is free software: you can redistribute it and/or modify
# it under the terms of the GNU Affero General Public License as
# published by the Free Software Foundation, either version 3 of the
# License, or (at your option) any later version.
#
# As a special exception to the terms and conditions of version 3.0 of
# the GPL, you may redistribute this Program in connection with Free/Libre
# Open Source Software ("FLOSS") applications as described in Silverpeas's
# FLOSS exception.  You should have received a copy of the text describing
# the FLOSS exception, and it is also available here:
# "https://www.silverpeas.org/legal/floss_exception.html"
#
# This program is distributed in the hope that it will be useful,
# but WITHOUT ANY WARRANTY; without even the implied warranty of
# MERCHANTABILITY or FITNESS FOR A PARTICULAR PURPOSE.  See the
# GNU Affero General Public License for more details.
#
# You should have received a copy of the GNU Affero General Public License
# along with this program.  If not, see <https://www.gnu.org/licenses/>.
#

# Mapping between Windows time zone identifiers and zone id identifier handled by Java.
# Please take a look at http://unicode.org/repos/cldr/trunk/common/supplemental/windowsZones.xml 
zoneid.map.Afghanistan_Standard_Time=Asia/Kabul
zoneid.map.Alaskan_Standard_Time=America/Anchorage
zoneid.map.Arab_Standard_Time=Asia/Riyadh
zoneid.map.Arabian_Standard_Time=Asia/Dubai
zoneid.map.Arabic_Standard_Time=Asia/Baghdad
zoneid.map.Argentina_Standard_Time=America/Buenos_Aires
zoneid.map.Atlantic_Standard_Time=America/Halifax
zoneid.map.AUS_Central_Standard_Time=Australia/Darwin
zoneid.map.AUS_Eastern_Standard_Time=Australia/Sydney
zoneid.map.Azerbaijan_Standard_Time=Asia/Baku
zoneid.map.Azores_Standard_Time=Atlantic/Azores
zoneid.map.Bangladesh_Standard_Time=Asia/Dhaka
zoneid.map.Canada_Central_Standard_Time=America/Regina
zoneid.map.Cape_Verde_Standard_Time=Atlantic/Cape_Verde
zoneid.map.Caucasus_Standard_Time=Asia/Yerevan
zoneid.map.Cen._Australia_Standard_Time=Australia/Adelaide
zoneid.map.Central_America_Standard_Time=America/Guatemala
zoneid.map.Central_Asia_Standard_Time=Asia/Almaty
zoneid.map.Central_Brazilian_Standard_Time=America/Cuiaba
zoneid.map.Central_Europe_Standard_Time=Europe/Budapest
zoneid.map.Central_European_Standard_Time=Europe/Warsaw
zoneid.map.Central_Pacific_Standard_Time=Pacific/Guadalcanal
zoneid.map.Central_Standard_Time_(Mexico)=America/Mexico_City
zoneid.map.Central_Standard_Time=America/Chicago
zoneid.map.China_Standard_Time=Asia/Shanghai
zoneid.map.Dateline_Standard_Time=Etc/GMT+12
zoneid.map.E._Africa_Standard_Time=Africa/Nairobi
zoneid.map.E._Australia_Standard_Time=Australia/Brisbane
zoneid.map.E._Europe_Standard_Time=Europe/Minsk
zoneid.map.E._South_America_Standard_Time=America/Sao_Paulo
zoneid.map.Eastern_Standard_Time=America/New_York
zoneid.map.Egypt_Standard_Time=Africa/Cairo
zoneid.map.Ekaterinburg_Standard_Time=Asia/Yekaterinburg
zoneid.map.Fiji_Standard_Time=Pacific/Fiji
zoneid.map.FLE_Standard_Time=Europe/Kiev
zoneid.map.Georgian_Standard_Time=Asia/Tbilisi
zoneid.map.GMT_Standard_Time=Europe/London
zoneid.map.Greenland_Standard_Time=America/Godthab
zoneid.map.Greenwich_Standard_Time=Atlantic/Reykjavik
zoneid.map.GTB_Standard_Time=Europe/Istanbul
zoneid.map.Hawaiian_Standard_Time=Pacific/Honolulu
zoneid.map.India_Standard_Time=Asia/Calcutta
zoneid.map.Iran_Standard_Time=Asia/Tehran
zoneid.map.Israel_Standard_Time=Asia/Jerusalem
zoneid.map.Jordan_Standard_Time=Asia/Amman
zoneid.map.Kamchatka_Standard_Time=Asia/Kamchatka
zoneid.map.Korea_Standard_Time=Asia/Seoul
zoneid.map.Magadan_Standard_Time=Asia/Magadan
zoneid.map.Mauritius_Standard_Time=Indian/Mauritius
zoneid.map.Mid-Atlantic_Standard_Time=Etc/GMT+2
zoneid.map.Middle_East_Standard_Time=Asia/Beirut
zoneid.map.Montevideo_Standard_Time=America/Montevideo
zoneid.map.Morocco_Standard_Time=Africa/Casablanca
zoneid.map.Mountain_Standard_Time_(Mexico)=America/Chihuahua
zoneid.map.Mountain_Standard_Time=America/Denver
zoneid.map.Myanmar_Standard_Time=Asia/Rangoon
zoneid.map.N._Central_Asia_Standard_Time=Asia/Novosibirsk
zoneid.map.Namibia_Standard_Time=Africa/Windhoek
zoneid.map.Nepal_Standard_Time=Asia/Katmandu
zoneid.map.New_Zealand_Standard_Time=Pacific/Auckland
zoneid.map.Newfoundland_Standard_Time=America/St_Johns
zoneid.map.North_Asia_East_Standard_Time=Asia/Irkutsk
zoneid.map.North_Asia_Standard_Time=Asia/Krasnoyarsk
zoneid.map.Pacific_SA_Standard_Time=America/Santiago
zoneid.map.Pacific_Standard_Time_(Mexico)=America/Tijuana
zoneid.map.Pacific_Standard_Time=America/Los_Angeles
zoneid.map.Pakistan_Standard_Time=Asia/Karachi
zoneid.map.Paraguay_Standard_Time=America/Asuncion
zoneid.map.Romance_Standard_Time=Europe/Paris
zoneid.map.Russian_Standard_Time=Europe/Moscow
zoneid.map.SA_Eastern_Standard_Time=America/Cayenne
zoneid.map.SA_Pacific_Standard_Time=America/Bogota
zoneid.map.SA_Western_Standard_Time=America/La_Paz
zoneid.map.Samoa_Standard_Time=Pacific/Samoa
zoneid.map.SE_Asia_Standard_Time=Asia/Bangkok
zoneid.map.Singapore_Standard_Time=Asia/Singapore
zoneid.map.South_Africa_Standard_Time=Africa/Johannesburg
zoneid.map.Sri_Lanka_Standard_Time=Asia/Colombo
zoneid.map.Syria_Standard_Time=Asia/Damascus
zoneid.map.Taipei_Standard_Time=Asia/Taipei
zoneid.map.Tasmania_Standard_Time=Australia/Hobart
zoneid.map.Tokyo_Standard_Time=Asia/Tokyo
zoneid.map.Tonga_Standard_Time=Pacific/Tongatapu
zoneid.map.Ulaanbaatar_Standard_Time=Asia/Ulaanbaatar
zoneid.map.US_Eastern_Standard_Time=America/Indianapolis
zoneid.map.US_Mountain_Standard_Time=America/Phoenix
zoneid.map.GMT=Etc/GMT
zoneid.map.GMT_+12=Etc/GMT-12
zoneid.map.GMT_-02=Etc/GMT+2
zoneid.map.GMT_-11=Etc/GMT+11
zoneid.map.Venezuela_Standard_Time=America/Caracas
zoneid.map.Vladivostok_Standard_Time=Asia/Vladivostok
zoneid.map.W._Australia_Standard_Time=Australia/Perth
zoneid.map.W._Central_Africa_Standard_Time=Africa/Lagos
zoneid.map.W._Europe_Standard_Time=Europe/Berlin
zoneid.map.West_Asia_Standard_Time=Asia/Tashkent
zoneid.map.West_Pacific_Standard_Time=Pacific/Port_Moresby
zoneid.map.Yakutsk_Standard_Time=Asia/Yakutsk